stem,tf.idf
lacerr,10.82097669262124
bellidol,10.82097669262124
procacc,10.82097669262124
viagg,10.82097669262124
lungim,10.82097669262124
sentim,10.82097669262124
fag,10.82097669262124
incant,10.82097669262124
ultim,10.82097669262124
allat,10.82097669262124
acces,10.82097669262124
res,10.82097669262124
stent,10.82097669262124
tratteng,10.82097669262124
celam,10.82097669262124
legam,10.82097669262124
incost,10.82097669262124
scem,10.82097669262124
spett,10.82097669262124
for,10.82097669262124
chev,10.82097669262124
farebbeil,10.82097669262124
priv,10.82097669262124
amazzonir,10.82097669262124
labelt,10.82097669262124
temor,10.82097669262124
vre,10.82097669262124
fellon,10.82097669262124
staccal,10.82097669262124
inrò,10.82097669262124
ren,10.82097669262124
coragg,10.82097669262124
mived,10.82097669262124
ripigl,10.82097669262124
tar,10.82097669262124
void,10.82097669262124
amen,10.82097669262124
infern,10.82097669262124
debellar,10.82097669262124
undì,10.82097669262124
camcigl,10.82097669262124
assi,10.82097669262124
penan,10.82097669262124
feb,10.82097669262124
remot,10.82097669262124
strad,10.82097669262124
ondafugg,10.82097669262124
aghiacc,10.82097669262124
credenaufrag,10.82097669262124
appien,10.82097669262124
appunt,10.82097669262124
sacrific,10.82097669262124
sven,10.82097669262124
meravigl,10.82097669262124
troinvid,10.82097669262124
invit,10.82097669262124
veder,10.82097669262124
rec,10.82097669262124
uma,10.82097669262124
tir,10.82097669262124
detest,10.82097669262124
potest,10.82097669262124
rinfacc,10.82097669262124
offesament,10.82097669262124
tes,10.82097669262124
por,10.82097669262124
qualaffann,10.82097669262124
passagger,10.82097669262124
vacil,10.82097669262124
sfavill,10.82097669262124
eli,10.82097669262124
lauror,10.82097669262124
rì,10.82097669262124
chiom,10.82097669262124
clor,10.82097669262124
orna,10.82097669262124
divant,10.82097669262124
amovers,10.82097669262124
insul,10.82097669262124
sdem,10.82097669262124
nochchier,10.82097669262124
allo,10.82097669262124
nuovil,10.82097669262124
spo,10.82097669262124
idolmioah,10.82097669262124
ingan,10.82097669262124
nibell,10.82097669262124
setu,10.82097669262124
appren,10.82097669262124
beldes,10.82097669262124
supp,10.82097669262124
mant,10.82097669262124
cre,10.82097669262124
uncor,10.82097669262124
ottien,10.82097669262124
ricett,10.82097669262124
purg,10.82097669262124
traffitt,10.82097669262124
preved,10.82097669262124
giac,10.82097669262124
quan,10.82097669262124
augel,10.82097669262124
latt,10.82097669262124
parlartess,10.82097669262124
sietetant,10.82097669262124
corromp,10.82097669262124
gen,10.82097669262124
pasc,10.82097669262124
arross,10.82097669262124
osò,10.82097669262124
svenis,10.82097669262124
cint,10.82097669262124
sti,10.82097669262124
senz,10.82097669262124
ola,10.82097669262124
virsempr,10.82097669262124
ossequ,10.82097669262124
sacerdot,10.82097669262124
temp,10.82097669262124
ecced,10.82097669262124
nosc,10.82097669262124
sam,10.82097669262124
muccid,10.82097669262124
saltr,10.82097669262124
gualment,10.82097669262124
dellond,10.82097669262124
pertenerezz,10.82097669262124
lus,10.82097669262124
cid,10.82097669262124
iolung,10.82097669262124
giudic,10.82097669262124
potenz,10.82097669262124
guer,10.82097669262124
spes,10.82097669262124
tà,10.82097669262124
adoroc,10.82097669262124
inamor,10.82097669262124
sognab,10.82097669262124
satard,10.82097669262124
fidatetant,10.82097669262124
pien,10.82097669262124
malign,10.82097669262124
chim,10.82097669262124
nor,10.82097669262124
dellidol,10.82097669262124
lam,10.82097669262124
mid,10.82097669262124
straard,10.82097669262124
cer,10.82097669262124
nest,10.82097669262124
riposa,10.82097669262124
foc,10.82097669262124
traditr,10.82097669262124
donn,10.82097669262124
sosp,10.82097669262124
addic,10.82097669262124
celest,10.82097669262124
divin,10.82097669262124
amatorsuppon,10.82097669262124
ricorr,10.82097669262124
andiam,10.82097669262124
arrend,10.82097669262124
ingratoingr,10.82097669262124
cal,10.82097669262124
pallor,10.82097669262124
piantaun,10.82097669262124
crude,10.82097669262124
rosvra,10.82097669262124
africaniero,10.82097669262124
catagin,10.82097669262124
pocoin,10.82097669262124
infe,10.82097669262124
dob,10.82097669262124
ciec,10.82097669262124
vers,10.82097669262124
pos,10.82097669262124
belc,10.82097669262124
ubbid,10.82097669262124
vend,10.82097669262124
oggetma,10.82097669262124
sfortun,10.82097669262124
dim,10.82097669262124
nuvolett,10.82097669262124
picciol,10.82097669262124
tranquill,10.82097669262124
mais,10.82097669262124
dirm,10.82097669262124
accrec,10.82097669262124
fann,10.82097669262124
prann,10.82097669262124
èil,10.82097669262124
timant,19.64195338524248
cond,19.64195338524248
intent,19.64195338524248
calmat,19.64195338524248
cend,19.64195338524248
rà,19.64195338524248
augur,19.64195338524248
cartag,19.64195338524248
ene,19.64195338524248
tomb,19.64195338524248
sall,19.64195338524248
sann,19.64195338524248
cos,19.64195338524248
promess,19.64195338524248
sever,19.64195338524248
soc,19.64195338524248
ide,19.64195338524248
sò,19.64195338524248
sicur,19.64195338524248
imene,19.64195338524248
rivolg,19.64195338524248
tut,19.64195338524248
istant,19.64195338524248
tor,19.64195338524248
fall,19.64195338524248
cun,19.64195338524248
ani,19.64195338524248
morra,19.64195338524248
invi,19.64195338524248
vivra,19.64195338524248
vra,19.64195338524248
chetu,19.64195338524248
pregg,19.64195338524248
zel,19.64195338524248
affrican,21.64195338524248
segl,21.64195338524248
tuorip,21.64195338524248
fals,21.64195338524248
insol,21.64195338524248
soverc,21.64195338524248
favell,21.64195338524248
mancanz,21.64195338524248
impress,21.64195338524248
rai,21.64195338524248
vedrott,21.64195338524248
savell,21.64195338524248
pert,21.64195338524248
smarrì,21.64195338524248
limper,21.64195338524248
avviv,21.64195338524248
giel,21.64195338524248
grandin,21.64195338524248
ignobil,21.64195338524248
sorg,21.64195338524248
vapor,21.64195338524248
sfer,21.64195338524248
incominc,21.64195338524248
folgor,21.64195338524248
asse,21.64195338524248
preserv,21.64195338524248
sart,21.64195338524248
dolent,21.64195338524248
dart,21.64195338524248
allac,21.64195338524248
nin,21.64195338524248
fiss,21.64195338524248
espost,21.64195338524248
andrà,21.64195338524248
resister,21.64195338524248
oso,21.64195338524248
chiegg,21.64195338524248
cerv,21.64195338524248
giacc,21.64195338524248
suafer,21.64195338524248
pupillett,21.64195338524248
vezzosett,21.64195338524248
apprest,21.64195338524248
dia,21.64195338524248
vittim,21.64195338524248
leg,21.64195338524248
vuò,21.64195338524248
ahi,21.64195338524248
chè,21.64195338524248
memor,21.64195338524248
degener,21.64195338524248
giura,21.64195338524248
approv,21.64195338524248
metr,21.64195338524248
difender,21.64195338524248
intrepid,21.64195338524248
adombr,21.64195338524248
posss,21.64195338524248
benign,21.64195338524248
insiem,21.64195338524248
desì,21.64195338524248
chi,21.64195338524248
atre,21.64195338524248
ravvolt,21.64195338524248
mentitr,21.64195338524248
rimant,21.64195338524248
addit,21.64195338524248
andar,21.64195338524248
disciolt,21.64195338524248
second,21.64195338524248
voless,21.64195338524248
met,21.64195338524248
fierezz,21.64195338524248
lament,21.64195338524248
immortal,21.64195338524248
uscì,21.64195338524248
mel,21.64195338524248
ingegn,21.64195338524248
medit,21.64195338524248
appigl,21.64195338524248
cru,27.708042575700254
angust,27.708042575700254
camin,27.708042575700254
gann,27.708042575700254
com,27.708042575700254
etad,27.708042575700254
regg,29.46293007786372
arda,29.46293007786372
bei,29.46293007786372
carc,29.46293007786372
esso,29.46293007786372
spen,29.46293007786372
sostien,29.46293007786372
perder,29.46293007786372
dover,29.46293007786372
gli,29.46293007786372
veng,29.46293007786372
discortes,32.46293007786372
proteg,32.46293007786372
ridott,32.46293007786372
jarb,32.46293007786372
combatter,32.46293007786372
dens,32.46293007786372
costrett,32.46293007786372
brill,32.46293007786372
goder,32.46293007786372
addens,32.46293007786372
terren,32.46293007786372
umid,32.46293007786372
umo,32.46293007786372
glid,32.46293007786372
passagg,32.46293007786372
intes,32.46293007786372
ciascun,32.46293007786372
navicell,32.46293007786372
tien,32.46293007786372
cel,32.46293007786372
pred,32.46293007786372
onest,32.46293007786372
rup,32.46293007786372
ugual,32.46293007786372
abbian,32.46293007786372
val,32.46293007786372
alcun,32.46293007786372
riguard,32.46293007786372
superbett,32.46293007786372
erba,32.46293007786372
risan,32.46293007786372
gelsomin,32.46293007786372
neglett,32.46293007786372
artigl,32.46293007786372
colomb,32.46293007786372
piomb,32.46293007786372
abbatt,32.46293007786372
matutin,32.46293007786372
nom,32.46293007786372
achet,32.46293007786372
odiast,32.46293007786372
ultric,32.46293007786372
rò,32.46293007786372
dobbiam,32.46293007786372
ton,32.46293007786372
guardam,32.46293007786372
lod,32.46293007786372
avezz,35.28390677048496
contr,36.94405676760034
alter,36.94405676760034
contes,36.94405676760034
moder,39.28390677048496
già,39.28390677048496
disciogl,39.28390677048496
tent,39.28390677048496
ademp,39.28390677048496
ispir,39.28390677048496
sepp,39.28390677048496
splende,39.28390677048496
lang,39.28390677048496
nò,39.28390677048496
crebb,39.28390677048496
lusinghier,39.28390677048496
pellegrin,39.28390677048496
stacc,39.28390677048496
beat,39.28390677048496
languid,43.28390677048496
riman,43.28390677048496
cenn,43.28390677048496
form,43.28390677048496
depon,43.28390677048496
diss,43.28390677048496
tortorell,43.28390677048496
esangu,43.28390677048496
cangian,43.28390677048496
sit,43.28390677048496
spunt,43.28390677048496
contumac,43.28390677048496
arid,43.28390677048496
anco,43.28390677048496
amart,43.28390677048496
flebil,43.28390677048496
tromb,43.28390677048496
avvelen,43.28390677048496
sert,43.28390677048496
riduc,43.28390677048496
infidel,43.28390677048496
vacill,43.28390677048496
tacc,43.28390677048496
saett,43.28390677048496
frond,43.28390677048496
mattin,43.28390677048496
spettr,43.28390677048496
rio,43.28390677048496
inca,43.28390677048496
ama,43.28390677048496
palp,43.28390677048496
teror,43.28390677048496
dopp,43.28390677048496
infaust,43.28390677048496
miral,43.28390677048496
dun,43.28390677048496
laffett,43.28390677048496
esprim,43.28390677048496
pales,43.28390677048496
crediam,43.28390677048496
qualor,43.28390677048496
tumult,43.28390677048496
idasp,43.28390677048496
mert,43.28390677048496
grat,44.104883463106205
oltragg,44.104883463106205
avvers,44.104883463106205
rival,46.18007095950042
cald,46.18007095950042
precip,46.180070959500426
confort,46.180070959500426
ristor,46.180070959500426
lalm,46.180070959500426
consort,49.104883463106205
udrò,49.104883463106205
abbi,49.104883463106205
dic,49.104883463106205
opre,49.104883463106205
dubbios,49.104883463106205
odia,49.104883463106205
eccot,49.104883463106205
giov,49.104883463106205
vassall,49.104883463106205
colm,49.104883463106205
corr,49.104883463106205
divien,49.104883463106205
grad,52.92586015572744
disprezz,52.92586015572744
fortun,52.92586015572744
pag,54.104883463106205
sopport,54.104883463106205
sconoscent,54.104883463106205
serbam,54.104883463106205
perde,54.104883463106205
ape,54.104883463106205
riv,54.104883463106205
ardit,54.104883463106205
sosteng,54.104883463106205
trattien,54.104883463106205
toglier,54.104883463106205
strins,54.104883463106205
trafigg,54.104883463106205
portast,54.104883463106205
limit,54.104883463106205
allir,54.104883463106205
incaten,54.104883463106205
nov,54.104883463106205
disc,54.104883463106205
acchet,54.104883463106205
scegl,54.104883463106205
pri,55.41608515140051
ciment,55.41608515140051
pal,55.41608515140051
pitan,55.41608515140051
austr,55.41608515140051
turbin,55.41608515140051
alpin,55.41608515140051
pendic,55.41608515140051
astro,55.41608515140051
sorpres,55.41608515140051
figl,55.41608515140051
seguac,57.65209934330059
tend,57.65209934330059
sostener,58.92586015572744
insan,58.92586015572744
passam,58.92586015572744
raccolt,58.92586015572744
gelid,58.92586015572744
sembianz,58.92586015572744
verr,58.92586015572744
piacqu,58.92586015572744
liev,58.92586015572745
crud,59.49334018413715
vilt,59.49334018413715
ricev,59.49334018413715
pru,62.56781354096993
grav,64.65209934330059
barb,64.65209934330059
spiet,64.65209934330059
armat,64.65209934330059
bast,64.65209934330059
oma,64.65209934330059
nochier,64.92586015572743
trattener,64.92586015572743
incert,64.92586015572743
ammir,64.92586015572743
prepar,64.92586015572743
gitt,64.92586015572743
pena,64.92586015572743
rea,64.92586015572743
nid,64.92586015572743
estint,64.92586015572743
soll,64.92586015572743
incalz,64.92586015572743
faran,64.92586015572743
pront,64.92586015572743
ode,64.92586015572743
aren,67.99238878187103
difensor,68.74683684834868
nascess,68.74683684834868
damor,68.74683684834869
nemb,68.74683684834869
conflitt,68.85946522061036
sanguin,68.85946522061036
richied,68.85946522061036
front,68.85946522061036
estrem,70.56781354096992
protegg,70.56781354096992
que,70.56781354096992
abband,70.56781354096992
diè,70.56781354096992
verrebb,73.88811353520067
sublim,73.88811353520067
saper,73.88811353520067
tacer,73.88811353520067
prigionier,75.74683684834868
etern,75.74683684834868
alme,76.4914373796049
mest,78.56781354096992
insegn,78.56781354096992
dirgl,78.56781354096992
precipit,78.56781354096992
splend,78.56781354096992
dispett,78.56781354096992
fallac,79.38879023359117
ferm,80.13621770563637
spe,80.97699581382338
fast,80.97699581382338
rimors,83.12412772710076
rovin,83.12412772710076
molest,86.03074361883365
coll,86.03074361883365
profond,86.56781354096992
segir,86.56781354096992
batt,86.56781354096992
ritrov,88.20976692621241
guard,88.20976692621241
fia,88.33854088780733
signor,88.38879023359117
poter,88.38879023359117
decor,89.98858317280654
occhi,92.36014191900084
frang,92.36014191900084
querc,92.36014191900084
legn,92.36014191900084
ogn,93.48953457507267
contrast,93.48953457507267
giung,95.70008596179127
dira,97.03074361883364
vanegg,97.38879023359117
prova,97.38879023359117
volg,98.20976692621241
gem,99.46367198532607
argin,101.3041986866012
arco,101.59615611090092
tuon,101.59615611090094
tigr,101.67269700407614
nol,105.85172031145488
brev,106.80805461720223
mov,108.03074361883364
sfog,108.03074361883364
rid,108.20976692621241
lett,108.54021287850128
acut,109.13562708193986
dent,109.13562708193986
fatic,110.42317610975915
reo,110.48763177054042
nieg,110.83217030280102
battagl,110.83217030280102
mantien,110.83217030280102
caten,112.19070478789091
velen,114.46973547330532
fing,114.46973547330532
press,114.67269700407613
orma,115.30419868660118
rap,115.77622707040136
calc,115.9566037745611
fanciull,115.9566037745611
empiet,117.85172031145488
respir,117.8517203114549
risolv,117.8517203114549
mir,118.9866803682743
ove,119.03074361883364
god,119.98477756374206
cess,120.06818449470109
lor,120.0681844947011
condann,120.20432655845454
ruin,121.04912856616252
sogn,121.04912856616252
apre,121.20324932467622
ingombr,121.20324932467622
bracc,122.41682705886286
alfin,123.01224126230144
ognor,123.49367369669736
schern,123.49367369669737
assal,125.13562708193986
leon,125.13562708193986
intric,125.14626625772705
formiam,127.48382616147593
african,127.48382616147593
scintill,127.67269700407613
induc,127.67269700407613
cim,129.30419868660118
delitt,129.30419868660118
veloc,129.85172031145487
richiam,129.85172031145487
condott,130.06787875004179
risc,130.24825545420154
arrest,131.77622707040135
aspra,132.31465038931861
buon,132.31465038931861
insin,132.31465038931861
vedil,132.507811331711
color,132.9566037745611
appress,133.0210338235786
moltiplic,134.67027702741802
vag,135.98477756374206
candor,135.98477756374206
ced,136.2315700995818
aspir,136.41953385242482
elis,137.71893044122072
amabil,138.54021287850125
parlagl,140.67269700407613
errand,140.77758046718233
risvegl,141.13562708193984
dea,141.40379087878893
scolor,141.40379087878893
selen,144.24519187014545
sar,144.48382616147592
emend,144.7202838380017
augellett,145.36998213239966
divenn,147.85916320637705
sprezz,148.13730473015983
auror,148.13730473015983
cad,148.2482554542015
frod,152.67708177561465
arboscell,154.87081858153073
scorn,156.65181343856327
purc,157.4353684141057
cerc,159.0386268495986
assicur,159.6252405882943
ris,161.60433243290163
inum,163.7034406229098
stupid,163.73278315066995
oggett,163.77235041304343
resist,166.2482554542015
ero,166.42832641370197
invitt,166.95660377456107
vendett,167.59855715980356
verac,168.32313720593643
incolt,168.3723831813023
ambo,170.03019788723415
udir,170.89288738752356
vendic,170.89927865861907
contrad,172.0614872376673
oro,172.4781177478792
lacc,172.4781177478792
parm,172.92734397065215
aur,172.95629802990177
insult,172.95629802990177
sembiant,172.95629802990177
custod,173.66434060560204
diffid,175.3405442640909
orgogl,176.2996789524
ragg,176.2996789524
spezz,176.41953385242482
spir,176.41953385242482
lic,178.1232620715504
piag,178.48002055241145
foll,182.35416603465455
bend,184.04537701697436
vezz,184.1663707007735
acquist,184.48480714553438
atroc,185.31361508539547
langu,186.97906915014534
padre,187.08042575700256
died,187.08042575700256
pallad,188.53838783838523
rozz,188.92244209692683
men,190.61842619615203
avert,191.27629227947324
belv,191.490735588242
fort,192.254498310964
dill,193.95629802990177
comand,194.97145793201636
siam,195.21985683349106
vic,195.27190168975613
dovr,197.66434060560204
maggior,199.2884373651169
appen,200.18094328510648
larv,202.88246393028854
vicin,202.88246393028854
invol,203.34539400815228
consigl,203.76452455450735
derid,204.62930077863723
nev,205.9003547975021
aliment,206.1826024265468
afflitt,206.24051054504605
uso,207.81468630661954
dann,207.81468630661954
merced,210.47676196972728
scortes,211.1663707007735
scord,211.4502774712585
accogl,213.48480714553438
ven,213.61610923440446
intatt,214.13636898940217
toller,214.22944735301002
giamma,214.6678451097721
san,216.06148723766728
rimir,218.98734739339477
finc,220.7366462088846
sgrid,220.96765232295186
confond,221.25075510440712
inalz,221.66434060560204
brand,222.37633810247456
neg,222.37633810247456
cavalier,222.37633810247456
inarid,224.31643994890263
fasc,224.31643994890263
età,224.97145793201636
invan,225.00307444448683
dimostr,226.4598680557655
abitator,228.20789729350227
oim,229.34539400815225
lagrim,232.58040503024566
arbitr,232.58040503024566
pecca,233.9657495184196
nub,234.97772015784489
dimm,234.9777201578449
agricoltor,235.5694423674862
circond,235.5694423674862
darm,238.7009420047258
scamp,239.43786088244144
impallid,240.1363689894022
mot,241.29550306066852
compagn,241.73871281138986
aprì,242.93098744147017
strett,245.5991747260049
cont,246.5584925931091
giunt,246.9638467138874
font,248.70965680876864
ricompens,249.77586880875091
minacc,250.2925325154541
quegl,252.27460946031965
mut,252.4903837402909
tronc,253.26049671650298
mostr,255.34539400815225
volt,256.1229744753346
miglior,256.33933108128537
palm,258.60839737320237
rispett,259.4390611195537
togl,259.9619439093551
stral,262.46670092068575
pret,263.1830899026464
impar,265.6161816224002
fredd,265.6161816224002
prend,265.9132075491222
urna,266.46099250708903
estiv,269.34055405483605
dovre,269.9657495184196
deh,270.58040503024563
lontan,270.78883367226183
urto,271.7933021252467
obli,272.04796046258525
strugg,272.46314019916366
preg,273.73418424174343
ram,274.9685392922032
nat,277.46479811615353
liet,277.9704226280932
cost,279.73871281138986
stagion,279.73871281138986
qualit,280.47676196972725
vann,280.47676196972725
commov,281.55516093436466
dur,282.80758175757785
avanz,284.82147897920595
agnell,284.9638467138874
querel,285.2278579384408
egual,287.4722387294839
fosc,287.5584925931091
termin,291.0922308565009
salv,291.31444464763376
acerb,292.1867891771898
punt,292.40920641991596
sass,293.092667019304
raccogl,293.3019977827134
riport,294.62930077863723
amic,295.7872130629945
pror,296.6765818679035
indegn,299.2057994939526
mont,300.1229744753346
avvezz,303.02225965758373
svegl,305.4552840934923
fren,305.56469540310417
serba,309.37054871334635
vad,311.95433269122617
naufrag,312.53124905198183
conosc,314.2453063115683
potr,314.9600411048229
sudor,315.34326182539957
anch,315.61297967536365
altra,315.61297967536365
onta,318.2679226729677
finor,318.72195383987275
lusing,318.72195383987275
antic,322.6266014459273
destr,324.38845964744786
han,324.42653951354765
labr,325.0765393737855
ricopr,325.62063863550384
adir,329.94217871717416
spavent,333.2689059681926
fer,334.2278579384408
fium,334.4064817873588
vol,336.67569256854506
erbe,336.67569256854506
pigr,336.67569256854506
dest,341.79855731723814
sostegn,345.767083856093
scherz,345.8537504546328
incredul,347.32868121120407
incogn,347.8698113236833
odo,348.3716064964158
lent,348.7900626926909
navigl,349.8849790691169
torrent,350.6810885281818
suppon,350.6810885281818
pavent,351.94837779423074
querul,359.15679132366216
strider,359.15679132366216
accent,361.51770485477107
rispond,367.924837322105
vien,370.2679226729677
serp,370.34326182539957
gonf,373.360649238687
cagion,377.07677567677047
ascolt,377.62983565434
voc,377.9297967077957
fum,379.10994639719894
talor,379.109946397199
quand,379.43435324363764
van,381.254449835344
fatal,382.4514784844278
puo,383.5087521707045
vant,384.54039336325826
promett,391.6295335964082
arment,392.76281915156363
sap,392.86889408970535
stupor,394.1029075297252
vis,394.38295075065935
ment,397.27731723088317
chiar,401.25954090079125
destrier,403.95544031568977
suon,404.60339534393574
frem,405.0055340000763
seren,405.7141531619147
gir,406.7900626926909
distingu,417.8129508573057
gel,417.8628525397612
tort,421.75925191777606
usat,422.31705123913025
bosc,422.4381588527021
camb,423.5517376175019
impres,426.22351995692424
capann,427.8309280043818
error,429.35316373580696
necess,432.3984351992561
attend,432.4783134545786
torbid,432.5850650309082
scogl,438.57555570210263
unit,438.99438925114544
mill,440.6786621625707
guid,441.9353046459037
leggiadr,444.4119141904795
dirt,444.9828378713952
terg,446.79919913705083
sè,448.9930218168061
pugn,450.9297967077957
semplic,456.3500232877602
merit,456.9900326925678
confus,456.9900326925678
nascond,457.10691721064217
costan,459.04027308601115
prudent,459.71127576918866
placid,459.71127576918866
vezzos,461.43245043910537
combatt,462.12660586102305
farm,464.414621961043
man,466.4544214366031
pargolett,467.2128016640051
ricompr,469.9126586277636
empi,470.52383026951435
rigor,472.91817940511356
oscur,473.25954090079125
dov,474.3652048530936
disegn,474.43054763457314
capac,477.1158805487958
provast,483.4774256227797
prezz,484.2893451761081
acci,484.2893451761081
quell,484.95024726253257
fianc,486.40563925914654
rend,486.9493198467079
immagin,491.826447770419
dis,492.17782514724075
splendor,492.6451211601067
merc,493.22351995692424
macc,495.006763777871
peggior,497.4193136175373
perdon,498.8811353520068
odi,499.4255761023139
convien,501.43542304771347
offe,505.0135388528176
nobil,506.5238812334143
vincitor,506.8546342869619
lacer,509.9353046459037
avvamp,509.9353046459037
prenc,515.2851509926994
delus,515.3081551788761
plac,523.1192510651031
audac,524.5847925199782
vuol,525.8439343342125
nott,529.1987158096
scopr,531.0392185476153
duol,532.267748731145
lung,536.2972205034073
consol,536.4575294503092
agit,536.6696127744302
alberg,538.6072537542531
amazzon,542.5332346953074
chius,544.7277907287332
tropp,544.9262803983273
serv,553.803065735535
compr,558.6883420590301
fiamm,559.815966510587
trofe,560.3285096064905
vil,560.3285096064905
infra,560.4699115542163
procell,561.0500415435909
par,562.2768196386515
umor,564.6347391842604
chiamam,565.6151635151557
felic,574.8610612433038
mer,579.1230169283347
crin,579.1468654858895
schi,579.9493198467079
vergogn,580.55275491898
sec,582.1306069567818
spera,587.5715495500942
nitr,587.5715495500942
fior,587.9186459547453
ragion,588.398199957525
pescator,588.9236059187156
ritorn,590.9310058328016
indic,593.424972258048
rossor,595.88757985279085
germogl,597.6278359460089
ait,600.2459489506692
tard,607.7524682453155
pegn,608.9131921134892
astri,616.0773398387354
scorr,620.1515525393417
cang,623.9086653824523
superb,626.7001530722888
mal,632.9177894120401
princip,634.1021359501289
vel,636.4372677144056
tac,642.6563823204156
prat,648.4594163785948
degg,648.5454759576088
fac,648.6337178661155
ombr,651.7708301732728
funest,656.8610952691463
aspett,661.7367081967595
segn,665.2947835817313
sman,670.1931342479929
soffr,671.4695731327374
cant,677.3115474054766
far,678.37978827008385
cen,683.3799063757401
pass,684.6058458930595
soggett,687.4213482305081
ver,692.4334908513024
intend,695.0793580150083
cominc,700.4295828454992
rimang,704.0136458681238
abbandon,704.1917373245028
tal,706.1817109860941
pie,709.2655088899727
menzogner,710.1591564997914
sacr,718.8651851935781
dilett,721.4613970475951
infin,721.522479396734
eccess,725.9790401863359
ardor,730.8733792023911
libert,733.3475477792957
imbell,733.8897729754754
viver,755.6166959829266
glor,755.8595934155913
sudd,758.8687064872753
dolc,764.7012089391823
port,769.866803682743
selv,769.866803682743
gener,779.8386473904764
vuo,783.4421570954627
timid,790.6381429769128
ingiust,791.8629980736785
giur,794.0394158474434
accompagn,798.2098165632109
miser,802.1794832901819
gang,802.6919391919262
segu,804.3157091937303
tem,805.8293323291654
torn,806.338716655453
palpit,809.8972485552589
ninf,814.755176015879
ascos,819.2382293391154
speranz,819.7275497462145
tirann,829.9414629760752
ramment,842.9982848959137
ricord,843.1863974736303
sciogl,844.04162043008
potre,845.4473355176349
armi,851.1029839969057
manc,851.6952694673222
tesor,854.6595242078577
avvien,857.851581246485
venn,870.2619604415551
destin,874.2203815966382
des,881.2285681026544
spieg,882.9465848355384
sangu,883.8171337092066
cresc,885.0653642460256
legg,885.1670902063586
vegg,887.4110533897637
fulmin,887.4778612996215
pent,889.8876010554952
orr,891.2274902751979
dèi,900.9159472734243
tron,902.4519187014546
sapr,912.7599061258092
difend,916.3024835825149
padr,926.804011133179
affrett,928.111646140039
nocchier,931.4336017862436
fur,937.5472710954
gelos,947.7330837462908
spad,954.6401775898836
perigl,956.4589988112584
delir,958.5644588185569
soccors,963.6225156824044
lamp,964.6892897348856
trasport,973.1653789423436
lum,977.75521375835
cur,983.7450610529897
content,992.0196764447156
vent,997.2473837610136
luc,1001.8752361028145
incend,1010.9598570591972
piac,1024.9952682046371
colp,1027.5458557620389
ira,1032.5339424404954
piant,1036.5099889135668
sventur,1038.9550672221517
ritegn,1044.027000648921
trionf,1059.0568873551092
mar,1066.4868235863823
ard,1071.7355433018802
passaggier,1073.4384165475717
invid,1084.095730070715
apprend,1089.0909519152176
innocent,1089.209175948421
turb,1090.9271135368244
nemic,1102.1958104443697
sen,1105.9187288137377
camp,1111.806548290657
ciel,1115.7473982777021
cadr,1118.5336493248365
viv,1120.9170840138736
timor,1125.3257162159134
ignot,1138.944168361309
istess,1149.3207516319264
pett,1151.4894643385335
stell,1156.8666127279678
oppr,1180.3834746490056
bram,1181.789431941378
dar,1183.3392073694192
indi,1188.3281632791802
sdegn,1195.726625812588
idol,1201.9612721816977
sper,1208.713687735569
pun,1211.4048523697375
spond,1211.8850937289744
donzell,1221.238450342002
onor,1233.1944928332498
genitor,1235.0975276217516
spem,1242.7899669566173
infid,1249.758912640884
num,1254.6323334556607
gran,1262.9201269322696
serb,1271.588386804901
piang,1277.7298017564215
dit,1278.573588855711
balen,1290.0406165584527
giust,1295.3258111938862
fè,1296.220342721426
dorm,1296.2618885352192
conserv,1305.5202889764328
dom,1318.8956715197953
divi,1324.3016332740342
tener,1329.7480405410884
part,1330.5809006854581
fier,1331.684983558568
nasc,1335.053979731568
reg,1368.6450237622
torment,1388.4571362053089
risuon,1401.602967155954
cartagin,1419.2147378530183
vall,1426.0851150538747
dip,1432.2056520283547
dir,1435.994888541384
uccid,1444.446725977315
sogl,1471.5681578962017
dol,1475.1082619285103
chied,1477.6940933544424
pen,1482.2550628780707
prem,1482.5394313284453
valor,1488.9680873948548
smarr,1489.069533441169
dubb,1491.1159856914364
vint,1507.6329633889015
vogl,1507.7994117942308
anim,1516.3576066086946
pastor,1517.7307589412962
affann,1519.6583322219735
cred,1533.243339258955
fed,1533.754466333781
dio,1585.3572822475417
accend,1593.1135174805588
ador,1609.5821078559866
rest,1616.7343259171857
scorg,1618.2631008357357
mart,1622.0835781040503
pens,1647.6355440254122
calm,1649.3582825450753
ripos,1657.269138311377
tempest,1677.7554126928535
scompagn,1702.4318743887231
tant,1710.3710651525628
pover,1712.1766407513278
allor,1717.4163716306148
sort,1728.7756747359795
affett,1730.4240656070876
infel,1731.2435668012606
sol,1743.5164410465839
lid,1744.3522627063842
trov,1762.4715887954933
ditel,1781.2963275571447
ingrat,1791.8828931963135
vorre,1801.1888820136292
sai,1809.6309826690438
disper,1817.5238908845756
perd,1832.8279489718223
pur,1832.8279489718223
potess,1843.0184643711357
ond,1849.468783393686
imper,1862.6637721378727
degn,1877.1969512922756
chiam,1900.0664073992705
car,1910.1898945847456
debell,1914.993626357881
lagn,1921.5067300992125
pac,1946.0628439907468
digl,1947.7710869018092
virtù,1953.0338139942642
fid,1988.2865677593873
qual,1989.5642193433534
tradit,2005.6296543764834
addi,2008.1725864296952
perfid,2029.5175580662544
donar,2069.321079027369
cigl,2083.9625637007252
guerr,2092.0575979462537
lasc,2108.3473450412407
ingann,2124.8176206980065
prov,2129.4080100932138
fug,2207.740497314664
dì,2244.591932505275
terror,2255.5655185288397
almen,2267.3531348066617
sospir,2298.297448259959
fedel,2306.6201978700283
bel,2364.832074232037
barbar,2386.407494792518
ved,2401.1775724039994
spos,2513.5275544328906
infedel,2569.7517370165547
alma,2761.431178978578
sent,2812.465961808132
sì,2834.255283279508
son,2901.3022181206884
nè,2966.249124295786
fat,3104.688768266069
trem,3172.9820191776216
bell,3365.7439558507735
parl,3486.9464774298026
ancor,3913.5925782774475
mor,3918.3780687246317
crudel,4026.1433933449225
piet,4140.595915751694
amor,4547.841067716009
cor,4609.784801481166
